model,accuracy,macro_f1
CLIP,0.8806282722513089,0.7965160351105383
VisualBERT,0.8115183246073299,0.7290071095317586
