setting,shots_per_class,accuracy,macro_precision,macro_recall,macro_f1,weighted_precision,weighted_recall,weighted_f1
zero_shot,0,0.43092749836708033,0.40532854183644423,0.40739314581912406,0.3888027905820291,0.43867767266503155,0.43092749836708033,0.41679337357798113
few_shot_linear_probe_1,1,0.269268451992162,0.24034613972047703,0.24475275340710656,0.2283860764517406,0.2699844124676969,0.269268451992162,0.2539506007204963
few_shot_linear_probe_2,2,0.34291312867406926,0.2970319041778722,0.3349834908190082,0.3002266082863682,0.32083799553691966,0.34291312867406926,0.3169083355848625
few_shot_linear_probe_4,4,0.3858589157413455,0.35449193972748066,0.384597684019512,0.35163577319960043,0.38091902895563506,0.3858589157413455,0.36804672040119324
few_shot_linear_probe_8,8,0.43860222077073807,0.40663885703935604,0.4353552281108861,0.40571541509022274,0.4281406058023074,0.43860222077073807,0.4213584931997962
few_shot_linear_probe_16,16,0.4830176355323318,0.4477278636237343,0.4799892335647697,0.4491511592857494,0.4757269204244858,0.4830176355323318,0.46844274066055747
