epoch,train_loss,val_loss,val_accuracy,val_macro_f1,val_weighted_f1
1,0.9943615718793896,0.4622831451502011,0.8587293810223746,0.8315596261254488,0.8539673201739999
2,0.3394149614176653,0.3949413095016373,0.8763677935652457,0.8592277385738193,0.8753561808014132
