model,accuracy,macro_f1,weighted_f1,loss
VisualBERT,0.8750816459830176,0.8574857709215573,0.8732028740467108,0.3977566836103748
CLIP,0.848791639451339,0.8063637712893706,0.8346101567155595,1.9986581727619035
