epoch,train_loss,dev_loss,dev_accuracy,dev_macro_f1,dev_weighted_f1
1,0.9529433949310808,0.4788217472471327,0.8494202188469704,0.8196884129449747,0.8449093998146284
2,0.33456412539089264,0.39278849777154884,0.8771843867385268,0.8581381032863605,0.875511078672386
