model,variant,accuracy,macro_f1,weighted_f1,loss,best_epoch,epoch_completed,train_runtime_seconds
VisualBERT,full_finetune,0.8752449379490529,0.864149161959657,0.87464539811239,0.3974220784655379,,,
CLIP,full_finetune,0.848791639451339,0.8063637712893706,0.8346101567155595,1.9986581727619035,,,
CLIP,deep_head,0.8225016329196604,0.8074730875328289,0.8184393673670435,,3.0,3.0,3339.8614580631256
CLIP,lora,0.8388308295231874,0.8230356738516041,0.8363363352767783,,5.0,5.0,5909.71382188797
VisualBERT,deep_head,0.7183213585891575,0.6777034105872705,0.7062603400665147,,10.0,10.0,20198.689244031902
VisualBERT,lora,0.8022534291312867,0.7777463556955503,0.7964774338343348,,10.0,10.0,12884.330567121506
