split,samples,image_width,image_height,brightness_mean,brightness_std,red_mean,green_mean,blue_mean,red_std,green_std,blue_std
test,6124,96,96,0.39654976307340867,0.16000619612924602,0.4248824177330283,0.3908855073947209,0.373884411531275,0.3022512079948749,0.28832340700755776,0.2902810830453778
train,48988,96,96,0.3946248548980979,0.16157632092171953,0.42167169835577345,0.38900455378124604,0.3732012987865132,0.3030402729266553,0.2893886313739255,0.2920740981024686
val,6123,96,96,0.394192429159184,0.16224947208691698,0.4191931728090093,0.38868883152094325,0.3746985759409184,0.3032440114167659,0.2892092844914612,0.2924351029370378
