epoch,train_loss,val_loss,val_micro_f1,val_macro_f1
1,0.06514481596685694,0.03846429874065434,0.7730080296479308,0.5582300020061647
2,0.030699367290163412,0.0374828478464211,0.8008379888268157,0.6745684910849818
