epoch,train_loss,val_loss,val_micro_f1,val_macro_f1
1,0.07576669362936178,0.0564214408993721,0.7129461584996976,0.4388144942884858
2,0.048532801606974804,0.05098114086687565,0.7078052034689793,0.4475399677465844
3,0.04080355510157638,0.0488917596526444,0.7213691618682022,0.49556523975957006
4,0.03441236961602623,0.04892577413469553,0.7470507124253103,0.5615618282325247
5,0.028841614143871572,0.051036074271425605,0.7465940054495913,0.5587199285904619
