label,positive_examples,positive_rate_pct
toxic,15294,9.584448302009765
obscene,8449,5.2948217407925
insult,7877,4.936360616904074
severe_toxic,1595,0.9995550569965721
identity_hate,1405,0.8804858025581089
threat,478,0.2995531769557125
