label,bert_f1,lstm_f1
toxic,0.8478045559590623,0.7937995674116799
severe_toxic,0.44755244755244755,0.37992831541218636
obscene,0.8421052631578947,0.7997535428219347
threat,0.56,0.32727272727272727
insult,0.7898952556993223,0.7071380920613742
identity_hate,0.5714285714285714,0.2857142857142857
