top_k,effective_vocab_size,token_coverage_pct
10000,10000,93.89129708588388
20000,20000,96.29629668064541
30000,30000,97.30359190730967
50000,50000,98.27291613244543
174075,174075,100.0
