model,exact_match_accuracy,micro_f1,macro_f1
BERT,0.9306304048126331,0.8029761053083416,0.6764643489662164
LSTM,0.9223586915653591,0.7386150966936993,0.5489344217823646
