label,bert_accuracy,bert_precision,bert_recall,bert_f1,lstm_accuracy,lstm_precision,lstm_recall,lstm_f1
toxic,0.9063428053393354,0.5043993535643743,0.922495894909688,0.652194102623636,0.7798618275032042,0.11284385896939171,0.19129720853858784,0.14195199220177898
severe_toxic,0.9844477789240051,0.2361344537815126,0.7656675749318801,0.36095054592164416,0.9831504579699272,0.021534320323014805,0.043596730245231606,0.02882882882882883
obscene,0.9505298696426897,0.5443806952413095,0.8740178813329721,0.6708952895913487,0.8506674169245678,0.07545257060101376,0.14115415876456244,0.09833899584748962
threat,0.9955297133389602,0.4050632911392405,0.7582938388625592,0.528052805280528,0.9942949138766451,0.09473684210526316,0.08530805687203792,0.08977556109725686
insult,0.9469348838663291,0.5027155465037338,0.864312810037934,0.6356905247344136,0.8718622026321547,0.06745240253853128,0.10854975196965276,0.08320286289420711
identity_hate,0.9899653005720717,0.5350701402805611,0.75,0.624561403508772,0.9732564318984651,0.01832208293153327,0.026685393258426966,0.02172670097198399
