{
  "bert": {
    "exact_match_accuracy": 0.9306304048126331,
    "micro_f1": 0.8029761053083416,
    "macro_f1": 0.6764643489662164,
    "loss": 0.03534340019228067
  },
  "lstm": {
    "exact_match_accuracy": 0.9223586915653591,
    "micro_f1": 0.7386150966936993,
    "macro_f1": 0.5489344217823646,
    "loss": 0.047156515341252085
  }
}