model,exact_match_accuracy,micro_precision,micro_recall,micro_f1,macro_precision,macro_recall,macro_f1
BERT,0.8544812279220982,0.500450291710717,0.8815698717064423,0.6384594250318455,0.4546272467517886,0.8224646666791723,0.5787241119433905
LSTM,0.7611366407202476,0.08541717245286072,0.14560629052283072,0.10767112108538203,0.065057012911458,0.09943188327474993,0.0773041569735909
