{
  "bert": {
    "exact_match_accuracy": 0.8544812279220982,
    "micro_precision": 0.500450291710717,
    "micro_recall": 0.8815698717064423,
    "micro_f1": 0.6384594250318455,
    "macro_precision": 0.4546272467517886,
    "macro_recall": 0.8224646666791723,
    "macro_f1": 0.5787241119433905,
    "loss": 0.13162880305700497
  },
  "lstm": {
    "exact_match_accuracy": 0.7611366407202476,
    "micro_precision": 0.08541717245286072,
    "micro_recall": 0.14560629052283072,
    "micro_f1": 0.10767112108538203,
    "macro_precision": 0.065057012911458,
    "macro_recall": 0.09943188327474993,
    "macro_f1": 0.0773041569735909,
    "loss": 0.3235180516611949
  }
}