label,bert_f1,lstm_f1
toxic,0.652194102623636,0.14195199220177898
severe_toxic,0.36095054592164416,0.02882882882882883
obscene,0.6708952895913487,0.09833899584748962
threat,0.528052805280528,0.08977556109725686
insult,0.6356905247344136,0.08320286289420711
identity_hate,0.624561403508772,0.02172670097198399
